,bandit,codeql,semgrep
bandit,1.0,0.07142857142857142,0.08695652173913043
codeql,0.07142857142857142,1.0,0.07692307692307693
semgrep,0.08695652173913043,0.07692307692307693,1.0
